Workbook

Sheet 1. Raw Data
A1: Source: National Bureau of Statistics (NBS) Nigeria — Consumer Price Index Reports 2022–2024 | nigerianstat.gov.ng
A2: Month | B2: Year | C2: Period | D2: Headline Inflation (YoY %) | E2: Food Inflation (YoY %) | F2: Core Inflation (YoY %) | G2: Urban Inflation (YoY %) | H2: Rural Inflation (YoY %) | I2: MoM Change (%) | J2: Food & Non-Alcoholic Bev. | K2: Housing/Water/Electricity | L2: Transport | M2: Clothing & Footwear | N2: Education
A3: January | B3: 2022 | C3: Jan-22 | D3: 0.156 | E3: 0.1713 | F3: 0.1387 | G3: 0.1606 | H3: 0.1516 | I3: 0.0102 | J3: 0.1713 | K3: 0.0979 | L3: 0.1286 | M3: 0.1896 | N3: 0.0988
A4: February | B4: 2022 | C4: Feb-22 | D4: 0.157 | E4: 0.1711 | F4: 0.139 | G4: 0.1618 | H4: 0.1524 | I4: 0.0119 | J4: 0.1711 | K4: 0.099 | L4: 0.1294 | M4: 0.1912 | N4: 0.099
A5: March | B5: 2022 | C5: Mar-22 | D5: 0.1592 | E5: 0.172 | F5: 0.1396 | G5: 0.1644 | H5: 0.1546 | I5: 0.0124 | J5: 0.172 | K5: 0.0996 | L5: 0.1302 | M5: 0.1933 | N5: 0.0996
A6: April | B6: 2022 | C6: Apr-22 | D6: 0.1682 | E6: 0.1837 | F6: 0.1418 | G6: 0.1712 | H6: 0.1655 | I6: 0.0176 | J6: 0.1837 | K6: 0.1084 | L6: 0.1424 | M6: 0.2016 | N6: 0.1006
A7: May | B7: 2022 | C7: May-22 | D7: 0.1771 | E7: 0.1919 | F7: 0.1505 | G7: 0.1809 | H7: 0.1736 | I7: 0.0178 | J7: 0.1919 | K7: 0.1147 | L7: 0.1477 | M7: 0.211 | N7: 0.1085
A8: June | B8: 2022 | C8: Jun-22 | D8: 0.186 | E8: 0.206 | F8: 0.1575 | G8: 0.191 | H8: 0.181 | I8: 0.0182 | J8: 0.206 | K8: 0.121 | L8: 0.154 | M8: 0.22 | N8: 0.112
A9: July | B9: 2022 | C9: Jul-22 | D9: 0.1964 | E9: 0.2202 | F9: 0.1626 | G9: 0.2014 | H9: 0.192 | I9: 0.0189 | J9: 0.2202 | K9: 0.1276 | L9: 0.1618 | M9: 0.2306 | N9: 0.1154
A10: August | B10: 2022 | C10: Aug-22 | D10: 0.2052 | E10: 0.2312 | F10: 0.172 | G10: 0.2108 | H10: 0.2002 | I10: 0.0177 | J10: 0.2312 | K10: 0.1342 | L10: 0.1678 | M10: 0.2389 | N10: 0.1206
A11: September | B11: 2022 | C11: Sep-22 | D11: 0.2077 | E11: 0.2334 | F11: 0.1763 | G11: 0.2134 | H11: 0.2029 | I11: 0.0136 | J11: 0.2334 | K11: 0.1386 | L11: 0.1722 | M11: 0.2422 | N11: 0.1226
A12: October | B12: 2022 | C12: Oct-22 | D12: 0.2109 | E12: 0.2372 | F12: 0.1776 | G12: 0.2182 | H12: 0.2054 | I12: 0.0124 | J12: 0.2372 | K12: 0.141 | L12: 0.1744 | M12: 0.2466 | N12: 0.125
A13: November | B13: 2022 | C13: Nov-22 | D13: 0.2147 | E13: 0.2413 | F13: 0.1802 | G13: 0.2216 | H13: 0.2098 | I13: 0.0139 | J13: 0.2413 | K13: 0.1433 | L13: 0.1776 | M13: 0.25 | N13: 0.1272
A14: December | B14: 2022 | C14: Dec-22 | D14: 0.2134 | E14: 0.2375 | F14: 0.1784 | G14: 0.2205 | H14: 0.2088 | I14: 0.0102 | J14: 0.2375 | K14: 0.1415 | L14: 0.1756 | M14: 0.248 | N14: 0.1258
... A38: December | B38: 2024 | C38: Dec-24 | D38: 0.348 | E38: 0.4 | F38: 0.2928 | G38: 0.3574 | H38: 0.3388 | I38: 0.0268 | J38: 0.4 | K38: 0.2354 | L38: 0.291 | M38: 0.3906 | N38: 0.1974

Sheet 2. Cleaned Data
A1: CLEANED DATA & COMPUTED METRICS
A2: Derived from Raw Data sheet | All percentage values as decimals | MoM Acceleration = Current MoM minus Previous MoM
A3: Period | B3: Year | C3: Headline (YoY) | D3: Food (YoY) | E3: Core (YoY) | F3: MoM Change | G3: Food-Core Gap | H3: YoY Change (Acceleration) | I3: Urban-Rural Gap | J3: Inflation Category
A4: ='1. Raw Data'!C3 -> Jan-22 | B4: ='1. Raw Data'!B3 -> 2022 | C4: ='1. Raw Data'!D3 -> 0.156 | D4: ='1. Raw Data'!E3 -> 0.1713 | E4: ='1. Raw Data'!F3 -> 0.1387 | F4: ='1. Raw Data'!I3 -> 0.0102 | G4: =D4-E4 -> 0.0326 | H4: N/A | I4: ='1. Raw Data'!G3-'1. Raw Data'!H3 -> 0.009 | J4: =IF(C4<0.2,"Moderate",IF(C4<0.3,"High","Severe")) -> Moderate
A5: ='1. Raw Data'!C4 -> Feb-22 | B5: ='1. Raw Data'!B4 -> 2022 | C5: ='1. Raw Data'!D4 -> 0.157 | D5: ='1. Raw Data'!E4 -> 0.1711 | E5: ='1. Raw Data'!F4 -> 0.139 | F5: ='1. Raw Data'!I4 -> 0.0119 | G5: =D5-E5 -> 0.0321 | H5: =C5-C4 -> 0.001 | I5: ='1. Raw Data'!G4-'1. Raw Data'!H4 -> 0.0094 | J5: =IF(C5<0.2,"Moderate",IF(C5<0.3,"High","Severe")) -> Moderate
A6: ='1. Raw Data'!C5 -> Mar-22 | B6: ='1. Raw Data'!B5 -> 2022 | C6: ='1. Raw Data'!D5 -> 0.1592 | D6: ='1. Raw Data'!E5 -> 0.172 | E6: ='1. Raw Data'!F5 -> 0.1396 | F6: ='1. Raw Data'!I5 -> 0.0124 | G6: =D6-E6 -> 0.0324 | H6: =C6-C5 -> 0.0022 | I6: ='1. Raw Data'!G5-'1. Raw Data'!H5 -> 0.0098 | J6: =IF(C6<0.2,"Moderate",IF(C6<0.3,"High","Severe")) -> Moderate
A7: ='1. Raw Data'!C6 -> Apr-22 | B7: ='1. Raw Data'!B6 -> 2022 | C7: ='1. Raw Data'!D6 -> 0.1682 | D7: ='1. Raw Data'!E6 -> 0.1837 | E7: ='1. Raw Data'!F6 -> 0.1418 | F7: ='1. Raw Data'!I6 -> 0.0176 | G7: =D7-E7 -> 0.0419 | H7: =C7-C6 -> 0.009 | I7: ='1. Raw Data'!G6-'1. Raw Data'!H6 -> 0.0057 | J7: =IF(C7<0.2,"Moderate",IF(C7<0.3,"High","Severe")) -> Moderate
A8: ='1. Raw Data'!C7 -> May-22 | B8: ='1. Raw Data'!B7 -> 2022 | C8: ='1. Raw Data'!D7 -> 0.1771 | D8: ='1. Raw Data'!E7 -> 0.1919 | E8: ='1. Raw Data'!F7 -> 0.1505 | F8: ='1. Raw Data'!I7 -> 0.0178 | G8: =D8-E8 -> 0.0414 | H8: =C8-C7 -> 0.0089 | I8: ='1. Raw Data'!G7-'1. Raw Data'!H7 -> 0.0073 | J8: =IF(C8<0.2,"Moderate",IF(C8<0.3,"High","Severe")) -> Moderate
A9: ='1. Raw Data'!C8 -> Jun-22 | B9: ='1. Raw Data'!B8 -> 2022 | C9: ='1. Raw Data'!D8 -> 0.186 | D9: ='1. Raw Data'!E8 -> 0.206 | E9: ='1. Raw Data'!F8 -> 0.1575 | F9: ='1. Raw Data'!I8 -> 0.0182 | G9: =D9-E9 -> 0.0485 | H9: =C9-C8 -> 0.0089 | I9: ='1. Raw Data'!G8-'1. Raw Data'!H8 -> 0.01 | J9: =IF(C9<0.2,"Moderate",IF(C9<0.3,"High","Severe")) -> Moderate
A10: ='1. Raw Data'!C9 -> Jul-22 | B10: ='1. Raw Data'!B9 -> 2022 | C10: ='1. Raw Data'!D9 -> 0.1964 | D10: ='1. Raw Data'!E9 -> 0.2202 | E10: ='1. Raw Data'!F9 -> 0.1626 | F10: ='1. Raw Data'!I9 -> 0.0189 | G10: =D10-E10 -> 0.0576 | H10: =C10-C9 -> 0.0104 | I10: ='1. Raw Data'!G9-'1. Raw Data'!H9 -> 0.0094 | J10: =IF(C10<0.2,"Moderate",IF(C10<0.3,"High","Severe")) -> Moderate
A11: ='1. Raw Data'!C10 -> Aug-22 | B11: ='1. Raw Data'!B10 -> 2022 | C11: ='1. Raw Data'!D10 -> 0.2052 | D11: ='1. Raw Data'!E10 -> 0.2312 | E11: ='1. Raw Data'!F10 -> 0.172 | F11: ='1. Raw Data'!I10 -> 0.0177 | G11: =D11-E11 -> 0.0592 | H11: =C11-C10 -> 0.0088 | I11: ='1. Raw Data'!G10-'1. Raw Data'!H10 -> 0.0106 | J11: =IF(C11<0.2,"Moderate",IF(C11<0.3,"High","Severe")) -> High
A12: ='1. Raw Data'!C11 -> Sep-22 | B12: ='1. Raw Data'!B11 -> 2022 | C12: ='1. Raw Data'!D11 -> 0.2077 | D12: ='1. Raw Data'!E11 -> 0.2334 | E12: ='1. Raw Data'!F11 -> 0.1763 | F12: ='1. Raw Data'!I11 -> 0.0136 | G12: =D12-E12 -> 0.0571 | H12: =C12-C11 -> 0.0025 | I12: ='1. Raw Data'!G11-'1. Raw Data'!H11 -> 0.0105 | J12: =IF(C12<0.2,"Moderate",IF(C12<0.3,"High","Severe")) -> High
A13: ='1. Raw Data'!C12 -> Oct-22 | B13: ='1. Raw Data'!B12 -> 2022 | C13: ='1. Raw Data'!D12 -> 0.2109 | D13: ='1. Raw Data'!E12 -> 0.2372 | E13: ='1. Raw Data'!F12 -> 0.1776 | F13: ='1. Raw Data'!I12 -> 0.0124 | G13: =D13-E13 -> 0.0596 | H13: =C13-C12 -> 0.0032 | I13: ='1. Raw Data'!G12-'1. Raw Data'!H12 -> 0.0128 | J13: =IF(C13<0.2,"Moderate",IF(C13<0.3,"High","Severe")) -> High
A14: ='1. Raw Data'!C13 -> Nov-22 | B14: ='1. Raw Data'!B13 -> 2022 | C14: ='1. Raw Data'!D13 -> 0.2147 | D14: ='1. Raw Data'!E13 -> 0.2413 | E14: ='1. Raw Data'!F13 -> 0.1802 | F14: ='1. Raw Data'!I13 -> 0.0139 | G14: =D14-E14 -> 0.0611 | H14: =C14-C13 -> 0.0038 | I14: ='1. Raw Data'!G13-'1. Raw Data'!H13 -> 0.0118 | J14: =IF(C14<0.2,"Moderate",IF(C14<0.3,"High","Severe")) -> High
A15: ='1. Raw Data'!C14 -> Dec-22 | B15: ='1. Raw Data'!B14 -> 2022 | C15: ='1. Raw Data'!D14 -> 0.2134 | D15: ='1. Raw Data'!E14 -> 0.2375 | E15: ='1. Raw Data'!F14 -> 0.1784 | F15: ='1. Raw Data'!I14 -> 0.0102 | G15: =D15-E15 -> 0.0591 | H15: =C15-C14 -> -0.0013 | I15: ='1. Raw Data'!G14-'1. Raw Data'!H14 -> 0.0117 | J15: =IF(C15<0.2,"Moderate",IF(C15<0.3,"High","Severe")) -> High
A16: ='1. Raw Data'!C15 -> Jan-23 | B16: ='1. Raw Data'!B15 -> 2023 | C16: ='1. Raw Data'!D15 -> 0.2182 | D16: ='1. Raw Data'!E15 -> 0.2432 | E16: ='1. Raw Data'!F15 -> 0.1884 | F16: ='1. Raw Data'!I15 -> 0.0116 | G16: =D16-E16 -> 0.0548 | H16: =C16-C15 -> 0.0048 | I16: ='1. Raw Data'!G15-'1. Raw Data'!H15 -> 0.0155 | J16: =IF(C16<0.2,"Moderate",IF(C16<0.3,"High","Severe")) -> High
... A39: ='1. Raw Data'!C38 -> Dec-24 | B39: ='1. Raw Data'!B38 -> 2024 | C39: ='1. Raw Data'!D38 -> 0.348 | D39: ='1. Raw Data'!E38 -> 0.4 | E39: ='1. Raw Data'!F38 -> 0.2928 | F39: ='1. Raw Data'!I38 -> 0.0268 | G39: =D39-E39 -> 0.1072 | H39: =C39-C38 -> 0.002 | I39: ='1. Raw Data'!G38-'1. Raw Data'!H38 -> 0.0186 | J39: =IF(C39<0.2,"Moderate",IF(C39<0.3,"High","Severe")) -> Severe

Sheet 3. Analysis
A1: TABLE 1: Annual Average Inflation Rates (2022–2024)
A2: Year | B2: Avg Headline | C2: Avg Food | D2: Avg Core | E2: Avg Urban | F2: Avg Rural
A3: 2022 | B3: 0.18765 | C3: 0.20806667 | D3: 0.15951667 | E3: 0.19298333 | F3: 0.18315
A4: 2023 | B4: 0.2452 | C4: 0.27754167 | D4: 0.20743333 | E4: 0.25355833 | F4: 0.237725
A5: 2024 | B5: 0.3318 | C5: 0.39109167 | D5: 0.26999167 | E5: 0.3416 | F5: 0.322525
A7: TABLE 2: Inflation Peaks & Troughs (Full Period)
A8: Metric | B8: Peak Value | C8: Peak Period | D8: Min Value | E8: Min Period
A9: Headline Inflation | B9: 0.348 | C9: Dec-24 | D9: 0.156 | E9: Jan-22
A10: Food Inflation | B10: 0.4087 | C10: Jun-24 | D10: 0.1711 | E10: Feb-22
A11: Core Inflation | B11: 0.2928 | C11: Dec-24 | D11: 0.1387 | E11: Jan-22
A12: MoM Change | B12: 0.0334 | C12: Oct-24 | D12: 0.0102 | E12: Jan-22
A15: TABLE 3: Average Inflation by COICOP Category (2022–2024)
A16: COICOP Category | B16: Average Rate | C16: % of Headline Avg
A17: Clothing & Footwear | B17: 0.29301667 | C17: 1.1496109
A18: Food & Non-Alcoholic Beverages | B18: 0.29223333 | C18: 1.1465376
A19: Transport | B19: 0.21336944 | C19: 0.83712592
A20: Housing, Water & Electricity | B20: 0.1709 | C20: 0.67050284
A21: Education | B21: 0.14788611 | C21: 0.58021099
A24: KEY FINDINGS
A25: 1. Nigeria's headline inflation rose from 15.6% (Jan 2022) to a peak of 34.8% (Dec 2024) — a 19.2 percentage point increase over 3 years.
A26: 2. Food inflation consistently outpaced headline inflation by ~6–7 pp, indicating food supply constraints as a primary driver.
A27: 3. The steepest acceleration occurred in mid-2023 following fuel subsidy removal, with MoM jumps exceeding 3%.
A28: 4. Core inflation (non-food, non-energy) also surged, suggesting broad-based price pressures beyond food and fuel alone.
A29: 5. Urban inflation consistently exceeded rural inflation, reflecting higher exposure to import-driven and energy-related price increases.
A30: 6. Q4 2024 showed signs of slight moderation in food inflation, though headline rates remained at historically high levels.

Sheet 4. Dashboard
A1: 🇳🇬 NIGERIA INFLATION TRACKER | 2022 – 2024 | Source: National Bureau of Statistics | R1: Period | S1: Headline | T1: Food | U1: Core | W1: Year | X1: Avg Headline
R2: Jan-22 | S2: 0.156 | T2: 0.1713 | U2: 0.1387 | W2: 2022 | X2: 0.18765
A3: Peak Headline | D3: Latest (Dec 24) | G3: Peak Food Infl. | J3: 3yr Avg Headline | M3: Avg MoM Change | R3: Feb-22 | S3: 0.157 | T3: 0.1711 | U3: 0.139 | W3: 2023 | X3: 0.2452
A4: 34.80% | D4: 34.80% | G4: 40.01% | J4: 26.34% | M4: 2.14% | R4: Mar-22 | S4: 0.1592 | T4: 0.172 | U4: 0.1396 | W4: 2024 | X4: 0.3318
A5: Oct–Dec 2024 | D5: Dec 2024 | G5: Mar 2024 | J5: Jan 2022–Dec 2024 | M5: Monthly avg | R5: Apr-22 | S5: 0.1682 | T5: 0.1837 | U5: 0.1418
R6: May-22 | S6: 0.1771 | T6: 0.1919 | U6: 0.1505
R7: Jun-22 | S7: 0.186 | T7: 0.206 | U7: 0.1575
R8: Jul-22 | S8: 0.1964 | T8: 0.2202 | U8: 0.1626
R9: Aug-22 | S9: 0.2052 | T9: 0.2312 | U9: 0.172
R10: Sep-22 | S10: 0.2077 | T10: 0.2334 | U10: 0.1763
R11: Oct-22 | S11: 0.2109 | T11: 0.2372 | U11: 0.1776
R12: Nov-22 | S12: 0.2147 | T12: 0.2413 | U12: 0.1802
R13: Dec-22 | S13: 0.2134 | T13: 0.2375 | U13: 0.1784
R14: Jan-23 | S14: 0.2182 | T14: 0.2432 | U14: 0.1884
R15: Feb-23 | S15: 0.2191 | T15: 0.2435 | U15: 0.1913
R16: Mar-23 | S16: 0.2204 | T16: 0.2445 | U16: 0.1924
R17: Apr-23 | S17: 0.2222 | T17: 0.2461 | U17: 0.1954
... R37: Dec-24 | S37: 0.348 | T37: 0.4 | U37: 0.2928
